height_m,capture_efficiency_pct,gas_CO2_mol_m3
0.0,0.0,4.828628211658607
0.021755293602523765,1.6257259098256214,4.74764848648698
0.04351058720504753,3.2241863541390066,4.6680268930216355
0.0652658808075713,4.795839068999246,4.589740630776928
0.08702117441009506,6.341134112016542,4.512767281741703
0.10877646801261882,7.860513418373381,4.437084832494504
0.1305317616151426,9.35441254121005,4.362671587512499
0.15228705521766636,10.823258119148194,4.289506295317735
0.17404234882019012,12.267470138191639,4.217568035808638
0.19579764242271389,13.687462428185771,4.146836195530661
0.21755293602523765,15.083639656994702,4.077290617400608
0.2393082296277614,16.456402180345105,4.008911359128992
0.2610635232302852,17.806142461212737,3.941678871575503
0.28281881683280896,19.13324561805245,3.8755739714408888
0.3045741104353327,20.43809287820113,3.8105776692480275
0.3263294040378565,21.721056412388478,3.7466714266423145
0.34808469764038025,22.982503395654813,3.6838369541115523
0.369839991242904,24.222795321426997,3.622056245152813
0.39159528484542777,25.442286126475828,3.5613116696709763
0.41335057844795153,26.641327562988693,3.501585706388138
0.4351058720504753,27.82026121938004,3.4428613402984123
0.45686116565299906,28.9794232005405,3.3851218295380523
0.4786164592555228,30.119143703107575,3.3283507265418226
0.5003717528580466,31.239751204117102,3.2725316694002973
0.5221270464605704,32.3415686247537,3.21764857294892
0.5438823400630941,33.424907379775945,3.16368592517462
0.5656376336656179,34.490075644618905,3.110628375419647
0.5873929272681416,35.5373773069395,3.0584607866065943
0.6091482208706654,36.56712053413276,3.0071678084781968
0.6309035144731892,37.57959380167039,2.956735071659965
0.652658808075713,38.57508534138419,2.9071482189134588
0.6744141016782367,39.55387793845217,2.858393164305829
0.6961693952807605,40.5162584928462,2.810455616940476
0.7179246888832843,41.462500623820105,2.7633219474523023
0.739679982485808,42.39287246981539,2.7169787994832837
0.7614352760883318,43.3076387406463,2.671412987460206
0.7831905696908555,44.207062299529696,2.6266114177915054
0.8049458632933794,45.09140416744462,2.58256108865011
0.8267011568959031,45.96091489517009,2.539249519744536
0.8484564504984269,46.815843373187846,2.4966643134850743
0.8702117441009506,47.65643427774324,2.4547932821991387
0.8919670377034744,48.482926530257835,2.4136245248701194
0.9137223313059981,49.295557451513446,2.3731462202115536
0.9354776249085219,50.09455951130967,2.33334678857132
0.9572329185110456,50.88016131611945,2.2942148427351032
0.9789882121135695,51.652587685299025,2.2557391841302716
1.0007435057160932,52.4120595739376,2.2179088066688433
1.022498799318617,53.15879370915409,2.1807129148640616
1.0442540929211408,53.89300420102807,2.1441408435876332
1.0660093865236646,54.614901252436916,2.1081821223345734
1.0877646801261882,55.32469162097285,2.072826452214465
1.109519973728712,56.0225786923376,2.0380637022955623
1.1312752673312358,56.70876175378849,2.0038839457954785
1.1530305609337597,57.38343585563886,1.9702774669800442
1.1747858545362833,58.04679512023555,1.9372345963384277
1.196541148138807,58.699029475338854,1.9047458732981308
1.218296441741331,59.34032572530727,1.8728019928677528
1.2400517353438547,59.97086761607272,1.8413938024004801
1.2618070289463783,60.59083487373126,1.810512349483253
1.2835623225489021,61.20040415161176,1.7801488347619283
1.305317616151426,61.79975060166873,1.7502945336679572
1.3270729097539498,62.389045755518005,1.7209409019670243
1.3488282033564734,62.96845830653514,1.692079536801606
1.3705834969589972,63.538154167465756,1.6637021738213214
1.392338790561521,64.09829565070066,1.6358007280145954
1.4140940841640448,64.64904283107369,1.6083672258257558
1.4358493777665686,65.19055362627009,1.5813938011497726
1.4576046713690922,65.72298299344254,1.5548727353499712
1.479359964971616,66.24648333006387,1.5287964372909728
1.5011152585741399,66.76120452686342,1.5031574407018689
1.5228705521766637,67.26729307252859,1.477948448772306
1.5446258457791873,67.76489389854017,1.4531622422586175
1.566381139381711,68.2541495806709,1.428791719258309
1.588136432984235,68.73520015871244,1.4048299041897192
1.6098917265867587,69.20818337317053,1.381269936001899
1.6316470201892823,69.67323471425408,1.3581050657343865
1.6534023137918061,70.13048548429653,1.3353287530307747
1.67515760739433,70.58006743998958,1.3129344349024197
1.6969129009968538,71.02210939419332,1.2909156949971252
1.7186681945993774,71.45673793048825,1.2692662280062934
1.7404234882019012,71.8840775740645,1.2479798311526826
1.762178781804425,72.30425083765958,1.227050401902185
1.7839340754069488,72.71737826749622,1.2064719356756006
1.8056893690094726,73.12357610663587,1.186238642240322
1.8274446626119962,73.52296071505353,1.1663447255401143
1.84919995621452,73.91564723853016,1.1467844499994786
1.8709552498170439,74.30174816591659,1.127552212388394
1.8927105434195677,74.68137416045603,1.108642500412956
1.9144658370220913,75.05463410054584,1.0900498906849774
1.936221130624615,75.42163512049927,1.0717690466915863
1.957976424227139,75.78248106709779,1.0537947956765568
1.9797317178296627,76.13727395888591,1.0361220559507505
2.0014870114321863,76.48611672690872,1.018745700372074
2.02324230503471,76.82910926993935,1.001660752840225
2.044997598637234,77.16634985391845,0.9848623185886142
2.0667528922397578,77.49793514724675,0.9683455824263915
2.0885081858422816,77.82396025607767,0.9521058069804744
2.1102634794448054,78.14451817194487,0.9361383602100041
2.1320187730473292,78.4596987135949,0.9204387681151706
2.1537740666498526,78.7695934907286,0.9050024674861789
2.1755293602523764,79.07429120962524,0.8898250397367996
2.1972846538549002,79.37387911961463,0.8749021388535355
2.219039947457424,79.66844304410674,0.8602294898499868
2.240795241059948,79.95806741162146,0.8458028872212173
2.2625505346624717,80.24283527482804,0.831618193995375
2.2843058282649955,80.52282607521217,0.8176714530788072
2.3060611218675193,80.7981212126048,0.8039586098298908
2.3278164154700427,81.06879947922366,0.790475739495937
2.3495717090725665,81.33493837476568,0.7772189817065596
2.3713270026750903,81.59661413423117,0.7641845390877143
2.393082296277614,81.853901755748,0.7513686758757361
2.414837589880138,82.10687502839578,0.7387677165313766
2.436592883482662,82.35560500686682,0.7263781217191174
2.4583481770851856,82.60016321016121,0.7141963289756099
2.4801034706877094,82.84061997582062,0.7022188346876309
2.5018587642902332,83.07704416065651,0.6904422089992386
2.5236140578927566,83.30950350079465,0.6788630778774482
2.5453693514952804,83.53806463655417,0.66747812187296
2.5671246450978042,83.76279313732701,0.6562840748808887
2.588879938700328,83.98375254463932,0.6452777718072322
2.610635232302852,84.20100567638583,0.6344560836031018
2.6323905259053757,84.41461532077703,0.623815882698226
2.6541458195078995,84.62464264442023,0.6133541222966936
2.6759011131104233,84.83114781537705,0.6030678053415823
2.6976564067129467,85.03419002490944,0.5929539834317522
2.7194117003154705,85.23382750922588,0.5830097557386386
2.7411669939179943,85.43011679646742,0.5732323065149506
2.762922287520518,85.62311364230024,0.5636188584914708
2.784677581123042,85.81287381027587,0.554166634006203
2.806432874725566,85.99945162765437,0.5448729269408745
2.8281881683280896,86.18290053198999,0.5357350754947305
2.8499434619306134,86.3632730902598,0.5267504612317033
2.8716987555331372,86.54062101799256,0.5179165081275807
2.8934540491356606,86.71499461553255,0.5092307106505075
2.9152093427381844,86.88644339501214,0.5006906025305864
2.9369646363407083,87.05501686215307,0.4922937178172431
2.958719929943232,87.220763274368,0.48403765273995786
2.980475223545756,87.38373009867875,0.4759200428987073
3.0022305171482797,87.54396402875497,0.46793856241523885
3.0239858107508035,87.70151100195305,0.4600909230843447
3.0457411043533273,87.8564157420022,0.45237489715331425
3.0674963979558507,88.00872219860663,0.4447882954247269
3.0892516915583745,88.15847435893262,0.4373289268351246
3.1110069851608984,88.3057150952027,0.4299946558579842
3.132762278763422,88.45048657860607,0.42278338188625353
3.154517572365946,88.5928302945268,0.41569303847381156
3.17627286596847,88.73278705777206,0.40872159257692786
3.1980281595709936,88.87039661132486,0.4018670645409612
3.2197834531735174,89.00569794170922,0.3951275123915739
3.2415387467760413,89.13873016246596,0.38850098782753595
3.2632940403785646,89.26953136195065,0.3819855936135595
3.2850493339810884,89.39813900608095,0.37557946351887506
3.3068046275836123,89.5245899518673,0.36928076164325035
3.328559921186136,89.64892046094359,0.3630876817430072
3.35031521478866,89.7711659830492,0.3569984580160895
3.3720705083911837,89.89136121315748,0.3510113622564154
3.3938258019937075,90.00954075680288,0.3451246707129817
3.4155810955962314,90.12573842587192,0.339336699167517
3.4373363891987547,90.2399874681114,0.3336457915023579
3.4590916828012785,90.35232057791015,0.3280503191633875
